region,year,GenDebt,GDPGrowth,GenSpend,Inflation,GovRevenue,PopGrowth,UrbanPopGrowth,Unemp,AgeDepRatio,HealthSpend,MiliSpend,EduSpend,Corruption
Argentina,2012,40.44,-1.026420454,36.82142314,,33.80336754,1.027661364,1.171529002,7.217,16.61766107,9.82726669,0.784824735,5.345829964,35
Argentina,2013,43.5,2.405323781,37.60293345,,34.34910503,0.99295899,1.133331503,7.1,16.8020098,9.78097916,0.837736427,5.436610222,34
Argentina,2014,44.7,-2.512615321,38.8529315,,34.60050241,1.031743579,1.171920819,7.268,16.99765367,9.67129993,0.878100924,5.361440182,34
Argentina,2015,52.56,2.731159828,41.36633005,,35.36577202,1.047258887,1.185054365,7.449,17.21494209,10.22933674,0.850128597,5.776110172,32
Argentina,2016,53.06,-2.080327844,41.52202068,,34.86735169,0.968911126,1.104335316,7.741,17.42850603,9.85558891,0.809245363,5.545489788,36
Argentina,2017,57.03,2.818502978,41.12145402,,34.42811289,0.881249595,1.014308165,8.347,17.63604062,10.23174763,0.847754811,5.454319954,39
Argentina,2018,85.25,-2.617396463,38.94920804,,33.50806281,0.82296948,0.954764788,9.221,17.86643605,10.29146862,0.732300348,4.877739906,40
Argentina,2019,88.84,-2.000861003,38.12905762,,33.68429996,0.710900853,0.842521815,9.843,18.09943787,10.04194355,0.699696134,4.771649837,45
Argentina,2020,102.79,-9.900484814,42.47923977,,33.80516838,0.484665637,0.615028912,11.461,18.28227686,10.34701538,0.734111594,5.276899815,42
Australia,2012,27.53,3.916709425,36.50676858,1.762780156,32.99840572,1.745820001,1.865330137,5.225,21.03753432,8.67456913,1.670963965,5.559247971,85
Australia,2013,30.48,2.602193394,36.35953596,2.449888641,33.54996847,1.72115144,1.838175799,5.663,21.5386207,8.75058746,1.6391802,5.519627094,81
Australia,2014,34.04,2.595284116,36.73724798,2.487922705,33.81987674,1.491566489,1.608455102,6.078,22.02345233,9.83354282,1.773057778,5.437552452,80
Australia,2015,37.75,2.190169287,37.24620937,1.508366722,34.46095974,1.439216653,1.554800599,6.055,22.507612,10.18225861,1.953633592,5.4628582,79
Australia,2016,40.59,2.759385972,37.26278616,1.276990945,34.84041911,1.561940498,1.677390128,5.711,22.96916029,10.09288597,2.08852965,5.43038559,79
Australia,2017,41.18,2.279591798,36.7356836,1.948647409,35.0195954,1.646827797,1.767968476,5.592,23.39569776,10.12281322,2.004232965,5.321255684,77
Australia,2018,41.76,2.878469715,36.8191697,1.911400944,35.56223601,1.49599671,1.621636321,5.345,23.84395305,10.05971909,1.89568808,5.409676075,77
Australia,2019,46.75,2.171545057,38.86372791,1.610767873,34.45937348,1.477490711,1.607624676,5.143,24.38315299,10.21965981,1.88096043,5.508588791,77
Australia,2020,57.17,-0.119590736,44.37214469,0.846905537,35.65348763,1.233428251,1.369184749,6.394,25.09727475,10.6837368,2.010656405,5.378280163,77
Austria,2012,81.66,0.628246179,51.21274515,2.485675622,49.02415825,0.455937472,0.511947896,4.909,26.56848189,10.2,0.778464251,5.480400085,69
Austria,2013,81.01,-0.250726546,51.64795675,2.000156169,49.69772486,0.589387255,0.919560199,5.367,26.99146487,10.29,0.750825383,5.547110081,69
Austria,2014,83.76,0.755799077,52.43075035,1.60581183,49.7016174,0.781541633,1.112385233,5.674,27.31812949,10.37,0.747780095,5.447619915,72
Austria,2015,84.4,1.303523098,51.13148341,0.896563335,50.12151824,1.120992502,1.44900148,5.802,27.45809853,10.37,0.698116413,5.456580162,76
Austria,2016,82.55,2.117219671,50.07130713,0.891591753,48.53694548,1.081396299,1.4100618,6.064,27.55670537,10.35,0.729737692,5.47961998,75
Austria,2017,78.6,2.27225012,49.29881758,2.081269114,48.48281549,0.694621104,1.020478626,5.561,27.78725655,10.38,0.757279034,5.371590137,75
Austria,2018,74.07,2.484220867,48.75775454,1.998379814,48.92750382,0.487071925,0.835905515,4.933,28.08456371,10.35,0.74502804,5.226550102,76
Austria,2019,70.64,1.754976456,48.67414399,1.530895642,49.24194354,0.444673639,0.817910607,4.56,28.42315387,10.49,0.750359657,5.217790127,77
Austria,2020,82.92,-6.318255287,56.80584822,1.381910634,48.81453527,0.415176732,0.812573161,5.201,28.85406092,11.39,0.884127145,5.571269989,76
Belgium,2012,104.81,0.215803673,56.47752962,2.839663434,52.15902117,0.620163579,0.667241433,7.542,26.68965847,10.50204754,1.04175649,6.255764961,75
Belgium,2013,105.49,0.305494479,56.11624415,1.11309594,52.98694258,0.471340144,0.517369105,8.425,27.1405902,10.57661152,1.008959479,6.630529881,75
Belgium,2014,107.04,1.765540382,55.59977072,0.340002833,52.54421792,0.443929288,0.488911944,8.523,27.61729774,10.60909367,0.970959791,6.590469837,76
Belgium,2015,105.23,1.474164386,53.71958858,0.561429153,51.30594526,0.579446242,0.623385919,8.482,28.0118131,10.79745102,0.909284202,6.451570034,77
Belgium,2016,105,1.19350264,53.11766279,1.973852647,50.75452527,0.506300002,0.550223217,7.83,28.38918442,10.79354668,0.894706236,6.461730003,77
Belgium,2017,102.02,1.474467657,52.03028873,2.12597086,51.34643299,0.385228018,0.428116624,7.09,28.8394534,10.79855728,0.883563446,6.425340176,75
Belgium,2018,99.85,1.877968572,52.2650967,2.053164999,51.39521488,0.455184695,0.496003003,5.941,29.27650385,10.86148262,0.891358085,6.381070137,75
Belgium,2019,97.61,2.442890066,51.90934996,1.43681957,49.91802388,0.540461327,0.581271661,5.364,29.69726457,10.79477787,0.888429381,6.33397007,75
Belgium,2020,112.04,-4.792983897,58.89954075,0.740791812,49.92767108,0.430996815,0.469743865,5.545,30.04899829,11.19751263,1.012484707,6.801859856,76
Brazil,2012,61.61,1.921175986,39.30980508,5.40349914,36.95847903,0.811598483,1.156032159,7.251,10.29100496,7.73637724,1.378656465,5.855100155,43
Brazil,2013,59.6,3.004822669,39.78084068,6.204310666,36.35870802,0.810511648,1.146721464,7.071,10.62611683,7.9766016,1.329446084,5.838850021,42
Brazil,2014,61.62,0.50395574,41.42643156,6.329040155,35.1514999,0.806314178,1.137888414,6.755,11.00724814,8.39644146,1.330244423,5.948480129,43
Brazil,2015,71.73,-3.545763393,46.19129646,9.029901024,36.9099194,0.791721774,1.116370829,8.538,11.4254652,8.90929985,1.365517154,6.24105978,38
Brazil,2016,77.42,-3.275916908,45.50329577,8.739143523,37.5126817,0.76197267,1.078598167,11.58,11.86042681,9.16901493,1.347975413,6.314040184,40
Brazil,2017,82.74,1.322869054,44.29733135,3.44637335,36.32766002,0.72824666,1.038079352,12.792,12.31796735,9.47124863,1.414021668,6.32047987,37
Brazil,2018,84.78,1.783666762,44.18065947,3.664850284,37.19052129,0.683439571,0.984230272,12.33,12.80536339,9.46475029,1.469677724,6.088510036,35
Brazil,2019,87.12,1.220777824,43.0428764,3.732976212,38.1843502,0.651994346,0.946124107,11.936,13.31054761,9.61449146,1.382797246,5.963469982,35
Brazil,2020,96.01,-3.276758796,46.17842199,3.211768038,34.5415339,0.57935071,0.865727194,13.697,13.78234542,10.18235016,1.326660269,5.771500111,38
Bulgaria,2012,16.55,0.748814897,32.51875951,2.954568298,32.08459288,-0.579220596,-0.116335429,12.27,28.07643604,7.54,1.329818965,3.476500034,41
Bulgaria,2013,17.17,-0.542751603,35.46998658,0.890093541,33.71843517,-0.559647217,-0.097544085,12.941,28.89824071,7.14,1.454042831,4.057660103,41
Bulgaria,2014,26.26,0.949448985,37.08045613,-1.418183803,33.42860544,-0.568389264,-0.108408405,11.424,29.77394025,7.68,1.309602232,4.070053101,43
Bulgaria,2015,25.35,3.397553259,37.32952159,-0.104633261,34.55493694,-0.638069468,-0.178845947,9.143,30.67531728,7.39,1.245933607,3.912084341,41
Bulgaria,2016,27,3.026628931,32.72467372,-0.798649886,34.26435905,-0.701382098,-0.244263619,7.575,31.46231513,7.46,1.243845808,3.393708229,41
Bulgaria,2017,22.91,2.745926447,32.02847973,2.061596194,32.85192261,-0.730443175,-0.274061375,6.164,32.12796911,7.49,1.222208548,4.077559948,43
Bulgaria,2018,20.07,2.549464347,34.32653568,2.814544738,34.44948893,-0.722080405,-0.269102082,5.211,32.80884495,7.33,1.449294138,4.047090054,42
Bulgaria,2019,18.31,3.788850365,35.86879568,3.103729448,34.91115644,-0.703905641,-0.252969936,4.23,33.49178171,7.09,3.133568989,4.199029922,43
Bulgaria,2020,23.19,-3.215737434,37.81082077,1.672440969,34.87984266,-0.600241518,-0.151331327,5.125,33.94848235,8.48,1.593461166,4.505139828,44
Canada,2012,87.18,1.755661325,40.92620352,1.515678231,38.40168651,1.083746522,1.134288828,7.392,21.52550993,10.50971508,1.118404598,4.692587376,84
Canada,2013,87.6,2.325813574,39.96074117,0.938291898,38.46603517,1.053380981,1.103902207,7.143,22.23170325,10.41174984,1.0023672,4.589009762,81
Canada,2014,85.54,2.873466772,38.3704831,1.906635907,38.54537926,1.001422847,1.050685001,7.023,22.92955965,10.25765324,0.989925299,4.843589783,81
Canada,2015,92.03,0.649970994,40.01841803,1.125241361,39.95657244,0.760300145,0.810767766,6.945,23.62880565,10.73869705,1.152709374,4.739379883,83
Canada,2016,92.4,1.038550935,40.7532331,1.428759547,40.30006887,1.13153974,1.181983616,7.038,24.3182237,11.0319252,1.164161567,4.816420078,82
Canada,2017,90.94,3.033834903,40.45540565,1.596884129,40.34296269,1.195435755,1.256918557,6.426,24.98618158,10.90631104,1.351896465,4.959969997,82
Canada,2018,90.78,2.742963431,40.6623503,2.268225672,41.0222416,1.433226157,1.508182151,5.837,25.64886923,10.90542507,1.317678106,4.888979912,81
Canada,2019,90.21,1.908431925,40.58964463,1.949269024,40.57235528,1.461712599,1.548884982,5.69,26.36977156,11.00887775,1.284512244,4.772930145,77
Canada,2020,118.87,-5.038233441,52.36234461,0.716999632,41.41327712,1.084368971,1.182503196,9.657,27.19364141,13.0351181,1.400835686,4.887949944,77
Chile,2012,11.94,6.155340021,23.08944662,3.007448402,23.77178989,0.959562935,1.024963825,6.562,15.16003652,7.01951313,2.045880251,4.304934979,72
Chile,2013,12.78,3.308508245,23.11320222,1.78955554,22.64292828,0.953744683,1.019094697,6.074,15.51198744,7.47552633,1.994622472,4.548140049,71
Chile,2014,15.02,1.792649474,23.85261144,4.718675279,22.35624163,0.99681846,1.062130255,6.483,15.91172162,7.84150124,1.967106877,4.751679897,73
Chile,2015,17.38,2.151942499,25.02794887,4.348773532,22.93943628,1.021566689,1.086835,6.313,16.34861043,8.3513937,1.909623355,4.903900146,70
Chile,2016,21.1,1.753038746,25.366653,3.786193559,22.70603662,1.209415437,1.280362588,6.673,16.78142166,8.55767059,1.924158448,5.36646986,66
Chile,2017,23.65,1.357695378,25.49262058,2.182718469,22.86508948,1.583948258,1.661703669,7.257,17.15748882,9.090518,1.94059253,5.432789803,67
Chile,2018,25.8,3.990029475,25.61566243,2.434889814,24.13343991,1.785385849,1.869930219,7.623,17.50180224,9.22575188,1.877613957,5.473060131,67
Chile,2019,28.3,0.634367534,26.49714574,2.557544757,23.76662321,1.599117953,1.689296941,7.493,17.87136909,9.36262131,1.862616605,5.626309872,67
Chile,2020,32.35,-6.143474792,29.08833895,3.045490848,21.99304262,0.896491954,0.992286212,10.934,18.31024938,9.72726822,2.0637755,5.629930019,67
China,2012,34.39,7.863736449,28.15872875,2.619524326,27.85701361,0.678345459,3.130656596,4.1,12.51724494,4.56584787,1.700942672,4.297888756,39
China,2013,37.03,7.766150098,28.56443805,2.621050017,27.72828268,0.666072978,3.048365006,4.05,12.93403995,4.71490669,1.714340923,4.129804134,40
China,2014,39.97,7.425763656,28.89007452,1.921641628,28.20704977,0.63032639,2.953497442,4.1,13.42431289,4.77790594,1.738409288,4.105360031,36
China,2015,41.49,7.041328879,31.5521724,1.437023809,29.00864444,0.581456147,2.842870548,3.803,14.03551675,4.93827963,1.776771069,4.242012501,37
China,2016,50.7,6.848762205,32.31619708,2.000001822,28.92428514,0.573050906,2.775641769,3.534,14.73334758,4.97955608,1.76888659,4.206385136,40
China,2017,54.95,6.947200793,32.63516352,1.593136001,29.23169174,0.605245013,2.73966382,3.9,15.53926121,5.06592178,1.711242644,4.111331463,41
China,2018,56.66,6.749773832,33.27694177,2.0747904,28.99344925,0.467672053,2.503400504,4.93,16.41530508,5.16790485,1.673578209,4.024424076,39
China,2019,60.4,5.950500754,34.15260933,2.899234164,28.050729,0.35474089,2.290177234,5.15,17.29447462,5.3502779,1.682911012,4.059394836,41
China,2020,70.14,2.238638356,35.4027347,2.419421895,25.68461643,0.23804087,2.078140058,5.61,18.22082318,5.59359741,1.756699471,4.233381271,42
Colombia,2012,33.97,3.912635767,29.09259734,3.169301888,29.24738099,1.002907827,1.469043806,9.959,9.332070184,6.74601603,3.156005863,,36
Colombia,2013,37.59,5.13399352,29.99840388,2.016992243,28.97765938,0.948709329,1.40509323,9.246,9.653317706,7.01724052,3.272262857,,36
Colombia,2014,43.32,4.499030001,31.26124486,2.898837878,29.51716554,0.892711564,1.339465985,8.799,10.01029497,7.18553209,3.108258848,,37
Colombia,2015,50.42,2.955901375,31.27735055,4.989831158,27.75712783,0.864942377,1.303444479,8.572,10.39325089,7.52338552,3.109960084,,37
Colombia,2016,49.8,2.087382502,29.99362285,7.513460246,27.71966849,0.990548549,1.420893036,8.922,10.75553645,7.53117037,3.071131026,,37
Colombia,2017,49.44,1.359360868,29.32052256,4.314313257,26.82500132,1.451477262,1.872520302,9.086,11.08382036,7.67864323,3.208096724,,37
Colombia,2018,53.58,2.564324283,34.65789434,3.240569329,29.9902423,1.839137849,2.250986951,9.36,11.40208154,7.62541437,3.033232739,,36
Colombia,2019,52.4,3.186855392,32.87886158,3.523019327,29.39708415,1.786155077,2.188918599,10.28,11.75302501,7.77954912,3.145656694,,37
Colombia,2020,65.72,-7.185914138,33.54180881,2.526635001,26.58814219,1.436321673,1.831328859,15.983,12.11390135,8.71432114,3.536986516,,39
Costa Rica,2012,33.74,4.88259241,17.34317891,4.495453144,13.12790294,1.166766725,2.63533177,9.11,11.53420928,7.78642321,,6.582399845,54
Costa Rica,2013,35.08,2.494766112,18.51944215,5.231336142,13.27318206,1.113285467,2.488557064,8.218,11.91492329,7.68229342,,6.687399864,53
Costa Rica,2014,37.44,3.542109878,18.40008237,4.519200985,12.94649602,1.074998653,2.361883508,8.499,12.3224539,7.66376162,,6.67952013,54
Costa Rica,2015,39.79,3.652080968,18.75906593,0.801982005,13.23686603,1.062465205,2.267939167,8.415,12.74749028,7.59196234,,6.87349987,55
Costa Rica,2016,44.06,4.204323252,18.75584124,-0.017478851,13.66178919,1.011052867,2.140465586,8.085,13.18936165,7.31724358,,6.893959999,58
Costa Rica,2017,47.06,4.157698963,19.15675383,1.62590693,13.27775324,0.944345948,2.000052801,7.729,13.65464198,7.04522991,,7.069809914,59
Costa Rica,2018,51.84,2.615904404,18.89518062,2.221114615,13.23489282,0.904494518,1.892470821,9.01,14.15795819,7.28587723,,6.769919872,56
Costa Rica,2019,56.43,2.417511818,21.68644248,2.096046353,15.00221648,0.838278385,1.761648688,10.807,14.6956052,7.22124958,,6.738080025,56
Costa Rica,2020,66.91,-4.273354322,22.2920105,0.724911478,13.91240633,0.692995399,1.557187215,16.432,15.24469348,7.8254571,,6.62898016,57
Croatia,2012,69.24,-2.253745581,47.05158331,3.412073491,41.57681549,-0.474278461,-0.142238819,15.935,27.22855876,7.68,1.66162233,5.221613884,46
Croatia,2013,80.13,-0.125449826,47.78533063,2.216582064,42.23717934,-0.622679128,-0.262993744,17.251,27.69532785,6.43,1.617595434,4.521160126,48
Croatia,2014,83.78,-0.557150197,48.53394372,-0.21519616,43.32804824,-0.766382113,-0.377596261,17.29,28.29455852,6.61,1.816339094,5.176151276,48
Croatia,2015,83.2,2.323175158,47.3225161,-0.464499005,43.79437098,-1.194101859,-0.780126241,16.175,29.0736218,6.69,1.753806728,4.969085217,51
Croatia,2016,79.66,3.461129474,45.58188343,-1.125,44.55558587,-1.086345981,-0.645684488,13.103,29.89212173,6.73,1.593523321,4.896224499,49
Croatia,2017,76.51,3.280958121,43.69183248,1.129372103,44.54508986,-1.606755205,-1.139783187,11.208,30.83822226,6.66,1.636766798,3.862699986,49
Croatia,2018,73.25,2.904681493,44.49809087,1.50012501,44.76918671,-1.310873245,-0.817957433,8.432,31.91268799,6.75,1.546967515,3.912090063,48
Croatia,2019,71.04,3.100439114,43.59216098,0.771820346,45.88813289,-0.992302961,-0.475620011,6.617,32.95160112,6.8,1.603503586,3.920079947,47
Croatia,2020,86.94,-8.311642579,53.27284854,0.154811375,46.03880181,-0.894863744,-0.353033842,7.507,33.91591598,7.72,1.702561337,4.389019966,47
Czech Republic,2012,44.15,-0.770668176,44.35536154,3.287623066,40.48615161,0.139925656,0.156317297,6.979,24.00340311,7.62448311,1.063216817,4.220709801,49
Czech Republic,2013,44.42,-0.041812408,42.38213811,1.438297872,41.10631994,0.033169946,0.160148205,6.953,25.12386976,7.52132368,1.01508372,4.046760082,48
Czech Republic,2014,41.85,2.245212186,42.30833275,0.34398859,40.24811837,0.105277582,0.233456973,6.108,26.16046687,7.61248875,0.966227818,3.965229988,51
Czech Republic,2015,39.7,4.95875849,41.69582913,0.309364548,41.05567012,0.196588748,0.323237456,5.048,27.1604608,7.36897945,0.946582096,5.751820087,56
Czech Republic,2016,36.58,2.580870147,39.3721699,0.683504209,40.07716244,0.192048416,0.318529833,3.952,28.19149936,7.44554329,0.996128103,5.553730011,55
Czech Republic,2017,34.24,5.173565288,38.46379001,2.450533985,39.94530968,0.265642664,0.408265434,2.893,29.22791766,7.38071585,0.956655422,3.806159973,57
Czech Republic,2018,32.06,2.830305894,40.11265624,2.149494949,40.99457739,0.334427262,0.493103393,2.246,30.19185021,7.47048092,1.088449481,4.266059875,59
Czech Republic,2019,30.05,3.565776572,40.3750873,2.847875959,40.658826,0.393788864,0.568457639,2.015,31.10160304,7.60336018,1.15229255,4.542469978,56
Czech Republic,2020,37.66,-5.304879546,46.25317287,3.161295285,40.60461354,0.243222682,0.432440108,2.551,31.85705865,9.2136879,1.322449949,4.721590042,54
Denmark,2012,44.89,-0.005432319,57.9056472,2.397914857,54.70316513,0.376272243,0.588807879,7.798,27.15116539,10.52,1.351818973,7.237820148,90
Denmark,2013,44.05,1.39267347,55.58015371,0.78907178,54.63644555,0.416901361,0.58887049,7.384,27.93893626,10.33,1.227252,8.494429588,91
Denmark,2014,44.27,1.277999794,55.10169866,0.56402054,56.52974202,0.507053283,0.642139402,6.925,28.56241808,10.31,1.149273286,7.634850025,92
Denmark,2015,39.77,2.104414587,54.41812309,0.452034154,53.52309076,0.70642385,0.839047238,6.278,29.05223683,10.34,1.111446012,7.0104146,91
Denmark,2016,37.19,3.073045475,52.35165387,0.25,52.6540539,0.780392644,0.912853069,5.989,29.46765335,10.25,1.147637617,7.691060066,90
Denmark,2017,35.89,3.056477244,50.60136857,1.14713217,52.29036134,0.643350904,0.774461185,5.833,29.90320466,10.1,1.138233254,7.115859985,88
Denmark,2018,34,1.860007489,50.75434291,0.813609467,51.56475787,0.495838926,0.629088603,5.131,30.37199393,10.1,1.277539272,7.296909809,88
Denmark,2019,33.68,1.711400944,49.80736982,0.758131573,54.09029287,0.358130916,0.494581335,5.018,30.87270537,10.15,1.295092381,7.255050182,87
Denmark,2020,42.28,-1.780105988,53.33960861,0.420711974,53.70215637,0.291641177,0.430201638,5.637,31.40202376,10.56,1.377131121,7.383540154,88
Estonia,2012,9.84,3.672021159,38.87693403,3.933399873,38.12895388,-0.357944411,-0.344754608,10.021,26.84290712,6.09506845,1.897672784,4.717720032,64
Estonia,2013,10.23,1.756494612,37.91792928,2.78056659,37.64926304,-0.355891803,-0.138346707,8.631,27.54718585,6.28062296,1.908963649,4.843880177,68
Estonia,2014,10.62,3.322787536,37.17596062,-0.106175147,37.42647992,-0.262256175,-0.046678138,7.352,28.31433658,6.36199903,1.925357386,4.394330025,69
Estonia,2015,10.07,1.838157048,38.8108262,-0.492326007,38.43041023,0.06555253,0.280631504,6.412,29.01637181,6.64135027,2.026041742,5.144189835,70
Estonia,2016,10,3.093015834,38.61424781,0.148684908,37.67833878,0.029112226,0.243716597,6.882,29.67096641,6.70240974,2.069164366,5.15763998,70
Estonia,2017,9.12,5.634674322,38.45759996,3.417235495,37.4516803,0.121070631,0.345466679,5.807,30.29620372,6.59727097,2.009766509,4.961319923,71
Estonia,2018,8.2,3.69969444,38.51923409,3.436326884,37.40756038,0.348039138,0.58496349,5.412,30.76181634,6.6912818,2.00908712,5.239970207,73
Estonia,2019,8.49,3.726653182,38.41555546,2.277259312,38.53291978,0.371554389,0.61944107,4.514,31.25023674,6.81699181,2.035703972,5.260419846,74
Estonia,2020,18.57,-2.883810041,44.18561404,-0.444531098,38.83685176,0.197559185,0.455068188,6.956,31.88070835,7.57906532,2.296756834,5.52696991,75
Finland,2012,56.7,-1.522840285,55.6213756,2.808336226,53.45447105,0.475809487,1.100086716,7.689,28.33766726,9.59,1.526584659,7.148039818,90
Finland,2013,59.62,-0.979741028,57.04604982,1.478286157,54.51087731,0.460723773,0.794913367,8.193,29.56909408,9.81,1.533860935,7.124040127,89
Finland,2014,64.46,-0.478068319,57.56381919,1.041196212,54.56122028,0.413560208,0.47228159,8.663,30.76099795,9.78,1.451930187,7.102369785,89
Finland,2015,68.33,0.466503518,56.81043998,-0.20792884,54.37124153,0.329383886,0.388059711,9.376,31.85844629,9.65,1.449960972,7.032080173,90
Finland,2016,68.02,2.571934232,56.11147939,0.356684501,54.39905061,0.287421402,0.346086568,8.818,32.81675001,9.38,1.419652626,6.851530075,89
Finland,2017,66.04,3.303370161,54.01324397,0.754015047,53.35638568,0.234670532,0.293287961,8.64,33.74934479,9.13,1.351297608,6.363110065,85
Finland,2018,64.84,1.19297773,53.73881546,1.083820984,52.87984304,0.132641041,0.199422968,7.361,34.68724924,9.05,1.362534374,6.275579929,85
Finland,2019,64.88,1.349738438,53.63788058,1.02409393,52.6874282,0.11019169,0.185101615,6.695,35.54704952,9.17,1.353717616,6.416950226,86
Finland,2020,74.74,-2.49103621,57.585231,0.290554556,51.97747761,0.143641197,0.226703842,7.759,36.36387028,9.63,1.425822768,6.634940147,85
France,2012,90.6,0.183835271,57.88955254,1.954195316,52.7210053,0.483714919,0.808794763,9.841,27.32493746,11.29740047,1.8710806,5.488356113,71
France,2013,93.41,0.781756446,58.58932856,0.863715498,53.65363864,0.516915013,0.84220457,9.913,28.17954597,11.39603043,1.849875918,5.492893696,71
France,2014,94.89,0.997832938,58.39163908,0.507758823,53.8202832,0.474847846,0.801602267,10.273,29.06435771,11.53937244,1.862961439,5.489204407,69
France,2015,95.58,1.066754735,57.59511439,0.037514381,53.70790069,0.35556924,0.683771062,10.354,29.96916495,11.44817352,1.872258281,5.446427345,70
France,2016,97.96,0.860031082,57.37920503,0.183334861,53.61648951,0.263868789,0.592247249,10.057,30.79034751,11.47060013,1.917282368,5.408058167,69
France,2017,98.13,2.083614851,57.66509388,1.032282751,54.30017965,0.290202116,0.618752779,9.41,31.52476687,11.35469437,1.908642012,5.451600075,70
France,2018,97.78,1.645908729,56.36923056,1.850815083,54.0475587,0.358494582,0.687212829,9.018,32.22839433,11.20798969,1.843008723,5.407169819,72
France,2019,97.43,2.027446476,55.3447959,1.108254923,52.95310802,0.332559129,0.661441007,8.415,32.92950249,11.0888586,1.836461471,5.354430199,69
France,2020,114.65,-7.44064593,61.69670911,0.476498853,52.76647819,0.324557781,0.653594576,8.01,33.56463187,12.13096142,1.996477743,5.659810066,69
Germany,2012,80.74,0.474291306,45.08341725,2.008488848,45.02910319,0.187727801,0.200687484,5.372,31.28265273,10.85345554,1.241677479,4.928440094,79
Germany,2013,78.32,0.386224576,45.15080494,1.504723303,45.27329037,0.272900215,0.285857247,5.316,31.55658269,10.99905777,1.185257901,4.935389996,78
Germany,2014,75.28,2.169498929,44.4977003,0.906794,45.22904893,0.416877359,0.429833546,4.98,31.82200239,11.02588272,1.149941997,4.921020031,79
Germany,2015,71.95,1.652719772,44.50579294,0.514426137,45.42096479,0.865702644,0.878656939,4.612,32.02686814,11.19047737,1.137338427,4.855150223,81
Germany,2016,68.96,2.294710677,44.71861106,0.491747008,45.85239557,0.807218539,0.838301068,4.104,32.24820948,11.241889,1.151230373,4.839230061,81
Germany,2017,65.21,2.716024519,44.56628571,1.509494851,45.90430817,0.37372456,0.421625392,3.781,32.63426172,11.33617592,1.153403721,4.871829987,81
Germany,2018,61.9,1.116443109,44.68871771,1.732168798,46.57346122,0.300526702,0.366515156,3.384,33.00591761,11.48051548,1.170548545,4.979330063,80
Germany,2019,59.55,0.987893349,45.56349862,1.445659769,46.89169081,0.225519874,0.308266936,3.163,33.42408389,11.71550655,1.26184145,5.11552,80
Germany,2020,68.75,-4.095137491,51.1298056,0.144877926,46.74868536,0.081693159,0.181157523,3.881,33.92378517,12.69255257,1.374271755,5.590380192,80
Greece,2012,162.11,-8.331133959,54.1483571,1.501526962,47.30264157,-0.540752951,-0.078674761,24.731,30.39272872,8.92415524,2.443775587,4.582202911,36
Greece,2013,178.84,-2.272116922,52.46035787,-0.921269454,48.44138791,-0.725120807,-0.270332501,27.686,31.19456675,8.43796444,2.367772009,4.495119095,40
Greece,2014,181.75,0.792225038,51.16229209,-1.312260964,46.89803426,-0.66611329,-0.218532603,26.708,31.98154317,7.89141178,2.352287668,4.321356773,43
Greece,2015,179.08,-0.228301959,51.55840967,-1.735888048,48.54483982,-0.658861361,-0.217128484,24.981,32.71376627,8.22004509,2.463303289,3.661390066,46
Greece,2016,183.7,-0.031795213,50.27922845,-0.825653978,50.5592736,-0.415913028,0.020056563,23.514,33.35050559,8.44874668,2.572120224,4.015610695,44
Greece,2017,183.21,1.473124985,48.66638407,1.12125452,49.72374754,-0.197783225,0.231212226,21.414,33.87845115,8.13515854,2.563489907,3.477089882,48
Greece,2018,190.67,2.064672533,48.85616156,0.625621413,49.63919676,-0.202880238,0.220496954,19.179,34.3558336,8.12024307,2.716453073,3.597340107,45
Greece,2019,185.53,2.277180636,48.07540221,0.253007522,47.9886816,-0.105339393,0.311210821,17.045,34.80410782,8.19811249,2.622453075,3.586129904,48
Greece,2020,212.43,-9.196231471,60.19790844,-1.247983556,49.63648913,-0.214592107,0.196455024,15.899,35.30067883,9.50363827,3.069343545,4.495000362,50
Hungary,2012,78.16,-1.250226023,49.11583694,5.652145171,46.79147381,-0.516437607,-0.056115994,11.003,24.79450096,7.41,1.026498561,4.142499924,55
Hungary,2013,77.2,1.802522101,50.06186103,1.73319985,47.4643781,-0.275368757,0.118529731,10.177,25.38505284,7.23,0.943403779,4.189219952,54
Hungary,2014,76.54,4.232209806,50.04582117,-0.227566271,47.27098005,-0.269378767,0.121535685,7.725,26.06663658,7.05,0.857809631,4.60187006,54
Hungary,2015,75.76,3.707315979,50.37970282,-0.06164468,48.37570616,-0.237855002,0.150141441,6.813,26.76830631,6.85,0.904722073,4.495399952,51
Hungary,2016,74.85,2.201001893,46.7976187,0.394769307,45.00076616,-0.295110605,0.099844437,5.115,27.49919723,6.99,1.002019904,4.615479946,48
Hungary,2017,72.11,4.271976016,46.71773883,2.348242812,44.25864888,-0.265860932,0.133177105,4.156,28.16201075,6.74,1.193552897,4.647570133,45
Hungary,2018,69.08,5.362348362,46.09561407,2.850247926,44.03905505,-0.126786952,0.279085902,3.709,28.84198502,6.58,1.006068448,4.623439789,46
Hungary,2019,65.33,4.864225735,46.08451509,3.338586354,44.03783687,-0.04525571,0.36454098,3.419,29.77020066,6.28,1.335242487,4.224880219,44
Hungary,2020,79.25,-4.487046048,51.4098318,3.326743858,43.84990082,-0.215067837,0.200015936,4.25,30.74240982,7.29,1.760069365,4.153570175,44
Iceland,2012,133.93,1.063636607,47.73214912,5.185899888,45.1075001,0.532100735,0.545808759,6,19.19925756,8.18,,7.582230091,82
Iceland,2013,121.96,4.55246032,45.96628879,3.872279237,44.71861476,0.9458859,0.9812125,5.376,19.7023028,8.18,,7.448689938,78
Iceland,2014,115.3,1.687215018,45.82737399,2.044614815,46.1223854,1.112504755,1.148908265,4.897,20.1861491,8.23,,7.641409874,79
Iceland,2015,97.32,4.436663719,43.47365123,1.633055582,43.07825526,1.041940387,1.077160783,3.979,20.6860455,8.07,,7.457970142,79
Iceland,2016,82.47,6.303687107,46.43726095,1.69692762,58.9865831,1.388081496,1.425397053,2.978,21.03238766,8.1,,7.432199955,78
Iceland,2017,71.74,4.194948829,44.40928114,1.760415592,45.3872297,2.345582676,2.385884023,2.742,21.11163233,8.26,,7.583859921,77
Iceland,2018,63.25,4.889172995,43.84832788,2.682917683,44.80337237,2.678142769,2.720893704,2.704,21.17092993,8.38,,7.563499928,76
Iceland,2019,66.53,1.861177943,43.57744291,3.013971792,41.9845676,2.198932258,2.243618728,3.507,21.39717875,8.58,,7.601299763,78
Iceland,2020,77.74,-6.940453095,51.10038147,2.847924015,42.20505086,1.623086251,1.668886086,5.478,21.83301972,9.61,,8.58382988,75
India,2012,67.98,5.456387552,27.36385502,9.478996914,19.81429534,1.374056166,2.512202205,3.222,7.897811816,3.33,2.618166348,4.084798336,36
India,2013,67.71,6.386106401,26.5999481,10.01787847,19.60032991,1.332704305,2.492419885,,7.988390362,3.75,2.54882489,3.844670057,36
India,2014,67.1,7.410227605,26.22044208,6.665656719,19.14937351,1.261290271,2.444773005,,8.132795602,3.62,2.543981765,3.898780346,38
India,2015,69.05,7.996253786,27.05897449,4.906973441,19.85389029,1.192855634,2.399113215,,8.334955312,3.6,2.457450061,4.114991665,38
India,2016,68.94,8.256305502,27.23284354,4.948216341,20.11283383,1.191629664,2.419680562,,8.55156038,3.5,2.543151521,4.256516457,40
India,2017,69.67,6.795383419,26.23166259,3.328173375,20.0044269,1.162396143,2.414246798,,8.781745219,2.94,2.531511361,4.306396961,40
India,2018,70.39,6.453851345,26.32766503,3.938826467,19.95184957,1.097299067,2.368941207,7.652,9.030742548,2.86,2.424284526,4.376932621,41
India,2019,75.04,3.871436941,26.84583755,3.729505735,19.15176483,1.040013951,2.330505202,6.51,9.296507729,2.95,2.545998231,3.897323608,41
India,2020,88.53,-5.777724707,31.01924623,6.623436776,18.15482745,0.973438647,2.281852367,7.859,9.543524042,3.34,2.807193874,4.040141582,40
Indonesia,2012,22.96,6.030050653,18.83580439,4.279499996,17.24934557,1.285838166,2.622843096,4.468,8.981641357,2.91427088,0.711549473,3.407480001,32
Indonesia,2013,24.88,5.557263689,19.08118867,6.412513302,16.86441738,1.240380016,2.555894881,4.336,9.01716935,2.86934805,0.918769839,3.359040022,32
Indonesia,2014,24.68,5.006668426,18.36475611,6.394925408,16.56021658,1.175360912,2.475694951,4.049,9.042918884,2.96433568,0.777855178,3.288009882,34
Indonesia,2015,27.01,4.8763223,17.60216184,6.363121131,14.87824028,1.122339818,2.40223068,4.514,9.083825716,2.92428517,0.882266734,3.583600044,36
Indonesia,2016,27.96,5.033069183,16.92049346,3.525805157,14.35953029,1.0744882,2.334499959,4.301,9.166316937,3.02147198,0.792220213,1.210234523,37
Indonesia,2017,29.4,5.069785901,16.44362275,3.80879807,14.17964706,1.022329398,2.255685661,3.783,9.283619597,2.90417194,0.865191376,1.053243876,37
Indonesia,2018,30.42,5.17429154,16.61110187,3.198346416,14.92104244,0.96974341,2.180843456,4.387,9.434812815,2.86757827,0.71892819,0.994436443,38
Indonesia,2019,30.56,5.01928768,16.3587914,3.03058665,14.26816725,0.935604959,2.121496033,3.59,9.619476488,2.87862897,0.728563744,0.964399099,40
Indonesia,2020,39.75,-2.065511829,18.42670038,1.920968006,12.35184105,0.849801187,2.014731684,4.255,9.781132376,3.42067289,0.886277729,1.015932202,37
Ireland,2012,119.86,-0.398959965,42.20940224,1.694741167,33.80691261,0.423743803,0.747174721,15.451,18.18824789,10.59787655,0.514158094,5.762350082,69
Ireland,2013,120.06,2.192175744,39.79158592,0.515099485,33.51383514,0.526556159,0.847317414,13.735,18.84528238,10.27730751,0.502326938,5.345789909,72
Ireland,2014,104.05,9.336033729,36.51143567,0.190916399,32.99812269,0.731001377,1.05070778,11.858,19.45463929,9.51343918,0.459917414,4.865119934,74
Ireland,2015,76.54,24.61556998,28.04317835,-0.330959783,26.07219385,0.944845307,1.261963534,9.908,19.99376613,7.33597517,0.341167624,3.74868989,75
Ireland,2016,74.39,1.22263861,27.48821532,0.020124774,26.72711672,1.128834064,1.446547047,8.374,20.46009915,7.46859169,0.335786648,3.746740103,73
Ireland,2017,67.42,10.04962854,25.26623537,0.362173038,24.96885169,1.088675561,1.422846879,6.713,20.91023939,7.12621927,0.306034627,3.490449905,74
Ireland,2018,62.87,7.544341908,24.76342776,0.471130714,24.8572862,1.238875453,1.59251568,5.741,21.35299176,6.49550152,0.2864635,3.37838006,73
Ireland,2019,57.07,5.040550288,23.9191036,0.937842961,24.27948031,1.367626954,1.738924175,4.95,21.79826473,6.7090106,0.278905402,3.296169996,74
Ireland,2020,58.06,7.157898831,26.73126534,-0.326183651,21.79013412,1.029110503,1.41948631,5.623,22.28789735,7.1091466,0.267555214,3.250819921,72
Israel,2012,67.11,2.540804593,39.51818581,1.679207194,35.04962494,1.846151321,1.92012572,6.762,16.81126084,6.98,5.64197274,5.58893013,60
Israel,2013,66.12,4.230599674,39.64784372,1.570255392,35.58018487,1.866052895,1.943221838,6.137,17.29835833,6.96,5.458969055,5.784150124,61
Israel,2014,64.92,3.885324239,38.21216163,0.479786761,35.91320925,1.919543799,1.998835119,5.789,17.70195119,7.05,5.647196801,5.704710007,60
Israel,2015,63.18,2.313510735,37.4962132,-0.601291007,36.27892159,1.981288976,2.062684956,5.176,18.13957674,7.02,5.436335947,5.797659874,61
Israel,2016,61.75,4.367283642,37.81474869,-0.551552353,36.02055442,1.960348962,2.043855169,4.723,18.61795222,7.1,5.434059981,5.799809933,64
Israel,2017,59.85,4.273421788,38.23112469,0.259414975,37.09476943,1.938725674,2.02540416,4.14,19.0719042,7.18,5.445523572,6.007719994,62
Israel,2018,60.13,4.074476006,39.07189153,0.79407566,35.51936364,1.926622865,2.015384411,3.917,19.47115565,7.23,5.304525825,6.062849998,61
Israel,2019,59.24,3.785141452,38.52635766,0.849783128,34.72744594,1.90898264,1.998758439,3.731,19.81245321,7.17,5.088474268,6.041470051,60
Israel,2020,70.94,-1.464605643,44.59519931,-0.614412358,33.91554489,1.763679392,1.85660693,4.169,20.11741688,7.71,5.29504519,6.478819847,60
Italy,2012,126.5,-3.125238795,50.49240645,3.041363332,47.49540541,0.26954124,0.61957915,10.655,32.28670729,8.78,1.426924977,4.056019783,42
Italy,2013,132.46,-1.818025061,50.91928387,1.219993423,48.02610559,1.159251117,1.587835187,12.149,32.94231673,8.78,1.399020419,4.143670082,43
Italy,2014,135.37,-0.00138764,50.73896414,0.24104743,47.89864237,0.917504096,1.341371299,12.683,33.65338098,8.87,1.282969654,4.061279774,43
Italy,2015,135.28,0.885667638,50.27262414,0.0387904,47.78464707,-0.096376133,0.325701454,11.896,34.27784951,8.86,1.208228326,4.073629856,44
Italy,2016,134.78,1.236221107,49.0118227,-0.094016657,46.57525328,-0.169884073,0.246127222,11.688,34.7850578,8.73,1.334835252,3.815789938,47
Italy,2017,134.16,1.603699946,48.81696354,1.226533166,46.27404852,-0.149861117,0.26299854,11.211,35.22084735,8.68,1.357370559,4.044939995,50
Italy,2018,134.44,0.826646697,48.36669397,1.137487636,46.12868895,-0.19006364,0.228197851,10.61,35.64791463,8.68,1.359290935,4.256140232,52
Italy,2019,134.15,0.429162534,48.45546202,0.611246944,46.97369887,-1.153028424,-0.730852392,9.952,36.172649,8.66,1.311509625,4.095270157,53
Italy,2020,154.93,-8.86822121,56.78378359,-0.137707574,47.40498871,-0.487095092,-0.059658081,9.164,36.64755913,9.63,1.738983981,4.441359997,53
Japan,2012,226.09,1.374750999,38.63802479,-0.04406451,30.44154489,-0.159710676,-0.073000997,4.358,39.35173338,10.67,0.956761842,3.419450045,74
Japan,2013,229.46,2.005100177,38.77819291,0.335037912,31.16681993,-0.144271883,-0.05873318,4.038,41.32187048,10.67,0.940538501,3.408750057,74
Japan,2014,233.29,0.296205514,38.38896277,2.759226714,32.77291099,-0.132694222,-0.047229106,3.589,43.13298871,10.73,0.957800922,3.415299892,76
Japan,2015,228.28,1.560626697,37.29522609,0.795279631,33.61743642,-0.106124994,-0.021827026,3.385,44.6983767,10.75,0.947283519,3.312210083,75
Japan,2016,232.43,0.753826746,37.22927611,-0.127258844,33.62966659,-0.051137415,0.031996198,3.132,46.03389257,10.66,0.929516816,3.146430016,72
Japan,2017,231.32,1.675331752,36.68607941,0.484199796,33.58726606,-0.081874296,0.003375441,2.822,47.08933638,10.66,0.913229492,3.130579948,73
Japan,2018,232.39,0.643391023,36.73870673,0.989094598,34.26729888,-0.126880068,-0.038428078,2.467,47.90992189,10.74,0.962497357,3.077820063,73
Japan,2019,236.43,-0.402169201,37.2936969,0.468776159,34.24905303,-0.140464978,-0.051001491,2.351,48.5194993,10.97,0.992231466,3.155339956,73
Japan,2020,258.61,-4.147118899,44.51671161,-0.024995834,35.46134078,-0.294194618,-0.202631223,2.809,49.12954,11,1.01744793,3.306289911,74
Latvia,2012,42.73,7.305240455,37.11190615,2.257789244,37.28692561,-1.240359153,-1.199087751,15.047,27.89004282,5.41,0.907662243,6.582709789,49
Latvia,2013,40.35,2.096091141,37.32892048,-0.029454778,36.76802285,-1.071034803,-1.029870124,11.867,28.46678024,5.41,0.938941958,6.996970177,53
Latvia,2014,41.6,2.094959596,37.79760865,0.620490637,36.11596248,-0.941743354,-0.901947953,10.846,29.1925929,5.46,0.943460036,5.281229973,55
Latvia,2015,37.06,3.78336529,37.39256931,0.174242244,35.87255154,-0.818626341,-0.777437304,9.873,29.87265597,5.65,1.037354277,5.282519817,56
Latvia,2016,40.38,2.551685854,36.12523558,0.140633335,35.62825279,-0.913885332,-0.853577171,9.643,30.50863204,6.13,1.450062283,4.65749979,57
Latvia,2017,38.98,3.398949378,36.47801675,2.930363124,35.65562054,-0.886215573,-0.806909777,8.715,31.11273171,5.97,1.59351134,4.366710186,58
Latvia,2018,36.99,4.309710888,38.05165521,2.534454242,37.31275284,-0.779138396,-0.680734207,7.412,31.57494277,6.19,2.061498113,4.243569851,58
Latvia,2019,36.54,0.675375257,37.69334501,2.811409201,37.31271452,-0.69523914,-0.57788598,6.312,32.06033179,6.61,2.021400078,4.43584013,56
Latvia,2020,42,-3.469229153,41.38845876,0.219064905,37.65383772,-0.701211571,-0.56499148,8.098,32.64199197,7.25,2.162111015,4.850590229,57
Lithuania,2012,39.7,4.382905596,,3.089982771,,-1.341201988,-1.157042514,13.365,27.10007414,6.28,0.76526581,4.758029938,54
Lithuania,2013,38.67,4.046914351,,1.047479371,,-1.012007368,-0.829714261,11.77,27.40222755,6.13,0.762907482,4.602330208,57
Lithuania,2014,40.53,3.772541315,,0.103758009,,-0.859827343,-0.677880112,10.698,27.84475379,6.19,0.879596258,4.486579895,58
Lithuania,2015,42.68,2.832808577,,-0.884097406,,-0.940753797,-0.759129788,9.12,28.38878519,6.49,1.137748174,4.227190018,59
Lithuania,2016,39.9,2.671920199,,0.905525075,,-1.270694533,-1.068634221,7.862,29.01813719,6.64,1.477505872,4.004310131,59
Lithuania,2017,39.34,4.612243146,,3.722888623,,-1.398322201,-1.175857292,7.073,29.73829943,6.48,1.712070468,3.812200069,59
Lithuania,2018,33.66,4.918369795,,2.697927792,,-0.954190459,-0.713094844,6.147,30.25185664,6.53,1.966374947,3.89289999,59
Lithuania,2019,35.82,4.677351558,,2.33450938,,-0.264704355,-0.004957782,6.255,30.53415244,6.99,1.995540754,3.964099884,60
Lithuania,2020,46.28,0.042814017,,1.19989445,,0.026766758,0.30781254,8.487,30.6913665,7.48,2.065238584,4.508590221,60
Luxembourg,2012,20.85,1.64990203,41.81398478,2.662841655,42.31778585,2.4015419,2.786510963,5.03,20.24905444,5.29,0.358937252,3.87816,80
Luxembourg,2013,22.4,3.171790499,41.23891931,1.734039635,42.07954471,2.311176253,2.674604786,6.045,20.30928961,5.24,0.358492376,4.686607838,80
Luxembourg,2014,21.85,2.623086016,40.61241946,0.628543985,41.9441103,2.356978705,2.702568634,6.044,20.43336488,5.23,0.366856826,3.855690002,82
Luxembourg,2015,21.12,2.269784484,40.36570162,0.474743161,41.66929861,2.359951181,2.687531351,6.796,20.50105347,5.08,0.415571528,3.767920017,85
Luxembourg,2016,19.59,4.978190437,40.04476223,0.290833333,41.93470336,2.155311988,2.466492964,6.669,20.52050739,5.07,0.378949157,4.466115952,81
Luxembourg,2017,21.8,1.317187663,41.27745458,1.730799591,42.64416663,2.430976418,2.725717863,5.523,20.58226804,5.14,0.495110917,3.48645997,82
Luxembourg,2018,20.91,1.219321919,42.29938857,1.528195243,45.27620873,1.928837514,2.208365157,5.589,20.67892765,5.28,0.500655643,3.66211009,81
Luxembourg,2019,22.36,2.915847915,43.10548361,1.743320757,45.32695835,1.96284492,2.228565739,5.592,20.81718743,5.47,0.54619838,3.736069918,80
Luxembourg,2020,24.61,-0.909829799,46.95920762,0.819957302,43.54003066,1.666358674,1.918069241,6.766,21.00396331,5.74,0.578077082,3.853499889,80
Mexico,2012,40.82,3.55321076,26.99965748,4.111509811,23.43369934,1.357163279,1.732844637,4.892,9.711578528,5.66522074,0.455502058,4.883480072,34
Mexico,2013,44.07,0.852101559,26.66851028,3.806390697,23.10944834,1.29730808,1.671583384,4.921,9.847992969,5.80923605,0.48764287,4.508580208,34
Mexico,2014,47.09,2.503763503,26.94941656,4.018616081,22.57812151,1.21002703,1.582905409,4.819,10.00055749,5.55340958,0.495321042,5.068089962,35
Mexico,2015,50.97,2.702323426,26.55737474,2.72064065,22.69858416,1.069563762,1.438535735,4.311,10.17394291,5.72277355,0.450742819,5.050879955,31
Mexico,2016,55,1.772493238,26.52252098,2.821707847,23.841112,0.969124205,1.336739509,3.853,10.36540821,5.55345821,0.480046272,4.757959843,30
Mexico,2017,52.52,1.871728533,25.01818029,6.04145724,23.98413209,0.935239396,1.299003934,3.419,10.57553807,5.45759058,0.424849159,4.397520065,29
Mexico,2018,52.2,1.972082102,24.9697363,4.899350154,22.83115016,0.946602355,1.307800554,3.275,10.80699639,5.38345814,0.464611537,4.139450073,28
Mexico,2019,51.86,-0.392690522,25.24183707,3.635961421,22.9777526,0.95014433,1.308799309,3.477,11.05970764,5.44796371,0.508905926,4.320024967,29
Mexico,2020,58.51,-8.354034557,27.78859518,3.396834156,23.49761133,0.820454118,1.176589089,4.441,11.25224955,6.22204065,0.717897861,4.500599861,31
Netherlands,2012,66.22,-0.977877009,47.64247256,2.455547653,43.80552753,0.370055035,1.1736074,5.821,24.61554604,10.54,1.235408888,5.410220146,84
Netherlands,2013,67.68,-0.030232452,47.54217081,2.506898527,44.68115156,0.294820793,0.968708647,7.241,25.56145953,10.58,1.166151624,5.52655983,83
Netherlands,2014,67.87,1.612610074,46.73937229,0.97603508,44.49764009,0.359828173,0.922227878,7.419,26.37831039,10.57,1.159687891,5.458899975,83
Netherlands,2015,64.65,2.120605224,45.251761,0.600248147,43.47337934,0.443220089,0.9802962,6.872,27.06603991,10.32,1.132711505,5.34815979,84
Netherlands,2016,61.9,2.424285765,43.91696463,0.316666667,44.14399278,0.53217888,1.043217191,6.007,27.6296531,10.06,1.163626918,5.479599953,83
Netherlands,2017,56.95,2.781546099,42.75877959,1.381458714,44.07513508,0.591203366,1.077686106,4.837,28.18002892,10.11,1.156803668,5.17509985,82
Netherlands,2018,52.44,2.258740396,42.44309153,1.703497947,43.91691319,0.583933409,1.036375039,3.832,28.73771371,10.02,1.216674182,5.357649803,82
Netherlands,2019,48.55,2.300091595,42.09832399,2.633699102,43.88014949,0.655071575,1.076084067,3.379,29.26693509,10.14,1.318360996,5.159860134,82
Netherlands,2020,54.67,-3.867953393,47.81318933,1.272460378,44.20530998,0.55554079,0.946610707,3.82,29.79599915,11.21,1.441263983,5.423810005,82
New Zealand,2012,35.73,2.289462967,39.78354698,1.059913184,37.58822058,0.548220797,0.619042484,6.931,20.84691645,9.65163612,1.116346363,6.530853271,90
New Zealand,2013,34.58,2.76017959,38.63554647,1.134422664,37.3473003,0.768347998,0.837960847,5.839,21.51039196,9.36019325,1.043882168,5.888559818,91
New Zealand,2014,34.18,3.754319415,37.6839418,1.227507506,37.34812478,1.661012001,1.730568118,5.428,21.94954659,9.40168381,0.998051493,5.808539867,91
New Zealand,2015,34.21,3.734035773,37.22343793,0.292704628,37.58861305,2.036033909,2.105557973,5.415,22.19947581,9.28344345,0.988413614,5.707349777,91
New Zealand,2016,33.37,3.748311452,36.45034304,0.646240284,37.42867319,2.2460321,2.314333999,5.147,22.40640828,9.24379444,1.035225705,5.505599976,90
New Zealand,2017,31.14,3.397282504,35.62007994,1.850787675,36.97805938,2.088722723,2.165083237,4.736,22.63854271,8.96694851,1.052041155,5.28000021,89
New Zealand,2018,28.1,3.49949703,36.10402148,1.598297038,37.37486611,1.791240168,1.8744789,4.335,22.94387181,9.0351162,1.105032091,5.193089962,87
New Zealand,2019,31.84,2.361962178,38.83484212,1.619631902,36.3357962,1.591158896,1.680101108,4.109,23.34973857,9.49310207,1.293162197,5.177979946,87
New Zealand,2020,43.34,-0.424906458,42.06588909,1.7145617,37.7375318,2.204788696,2.301713163,4.595,23.89941833,10.07205391,1.340842127,5.651490211,88
Norway,2012,30.91,2.717959267,42.40036231,0.696864111,56.07990123,1.313440989,1.839399766,3.129,23.51544882,8.72,1.393189996,7.327660084,85
Norway,2013,31.43,1.016190824,43.45441514,2.120486204,54.06281196,1.209141589,1.723625203,3.425,23.93212132,8.87,1.405252181,7.439060211,86
Norway,2014,29.66,2.048131999,45.22535903,2.041702867,53.79734244,1.127736677,1.632151565,3.486,24.34532118,9.28,1.462279428,7.644030094,86
Norway,2015,34.33,1.857339726,48.20318812,2.171136654,54.19066553,0.995084737,1.48833778,4.296,24.75465472,10.07,1.498123273,7.523349762,88
Norway,2016,37.91,1.164724235,50.40460072,3.55,54.44085192,0.880969815,1.36567886,4.68,25.17500355,10.53,1.617343836,7.984449863,85
Norway,2017,38.31,2.463746285,49.22295541,1.875100596,54.18039881,0.807673182,1.280246109,4.164,25.64488617,10.23,1.705153286,7.845980167,85
Norway,2018,39.41,0.828900664,47.69412335,2.764831345,55.50784702,0.660090844,1.119532812,3.801,26.17415134,9.96,1.715297375,7.595630169,84
Norway,2019,40.56,1.123777874,50.20297831,2.167730033,56.72547413,0.675061373,1.121488618,3.684,26.69253113,10.44,1.843735378,7.864560127,84
Norway,2020,46.11,-1.278171785,56.71002362,1.286584907,54.15052397,0.588757324,1.021155076,4.424,27.24863847,11.42,1.965983692,8.372819901,84
Poland,2012,54.78,1.511781676,43.43158628,3.560371517,39.61565503,-0.000239076,-0.207759737,10.031,19.8001401,6.27,1.81467677,4.861599922,58
Poland,2013,57.12,0.684240607,43.41498755,0.991982606,39.14685122,-0.060360017,-0.266658549,10.293,20.48004943,6.48,1.798449936,5.021240234,60
Poland,2014,51.39,3.920508624,42.90748365,0.053821313,39.23876378,-0.074846229,-0.283228118,8.971,21.25353857,6.43,1.91903676,4.966569901,61
Poland,2015,51.34,4.431767003,41.73671785,-0.874125874,39.13666979,-0.066641101,-0.273799474,7.475,22.11846699,6.4,2.14054583,4.817009926,63
Poland,2016,54.5,3.031177676,41.33414497,-0.664767331,38.93509023,-0.042985131,-0.209018845,6.141,23.07818323,6.59,1.949217707,4.659110069,62
Poland,2017,50.8,5.152457733,41.4190632,2.075935537,39.92663887,0.012480099,-0.108901258,4.867,24.09875891,6.58,1.901659981,4.574649811,60
Poland,2018,48.71,6.245858472,41.4470071,1.812951565,41.19747577,-0.000200133,-0.078428035,3.835,25.14092859,6.31,2.04480025,4.605060101,60
Poland,2019,45.71,4.580458173,41.87587651,2.227478809,41.13259222,-0.024427107,-0.059398855,3.267,26.19906998,6.46,1.97509539,4.67881012,58
Poland,2020,57.18,-2.035568824,48.24740994,3.374469726,41.3128602,-0.175062058,-0.165065973,3.155,27.20855695,6.5,2.287485156,4.852650166,56
Portugal,2012,129.04,-4.050902619,48.88885984,2.773338541,42.70901913,-0.405421788,0.564237548,15.531,29.15529478,9.65,1.405859949,4.949409962,63
Portugal,2013,131.43,-0.984106758,49.92149206,0.274416667,44.81692135,-0.548815211,0.400319683,16.188,29.92276292,9.4,1.441121063,5.270969868,62
Portugal,2014,132.94,0.741391471,51.68825226,-0.278153367,44.37923026,-0.539190467,0.3930561,13.897,30.78834426,9.34,1.307686642,5.124000072,63
Portugal,2015,131.18,1.589798289,48.14512512,0.487938624,43.79884171,-0.414141102,0.500060471,12.447,31.59098196,9.32,1.326558396,4.885540009,64
Portugal,2016,131.51,2.004141094,44.83671493,0.607397075,42.90170293,-0.315459017,0.581102101,11.068,32.40395934,9.39,1.541102961,4.770905972,62
Portugal,2017,126.14,3.314720782,45.36806107,1.368614116,42.41205917,-0.24388941,0.635424721,8.869,33.25929216,9.31,1.237067882,5.015610218,63
Portugal,2018,121.48,2.946282416,43.24036646,0.993715683,42.89136298,-0.160104021,0.700805447,6.994,34.08295583,9.41,1.340259639,4.675159931,64
Portugal,2019,116.61,2.745684716,42.44176202,0.33817841,42.52431374,0.023733495,0.868176935,6.464,34.94189934,9.51,1.374696314,4.630020142,62
Portugal,2020,134.9,-8.204632063,49.23475543,-0.01243833,43.40735961,0.105114125,0.931922018,6.801,35.83518431,10.55,1.429790701,4.876560211,61
Romania,2012,36.16,1.903616968,33.46722602,3.334922677,31.08231591,-0.445177936,-0.419233409,6.794,23.92551678,4.51,1.173925228,2.823220015,44
Romania,2013,39.26,0.278771877,34.16865566,3.984712355,31.72931917,-0.371323063,-0.439904419,7.096,24.2588844,5.22,1.292230767,3.068000078,43
Romania,2014,40.48,4.116001093,33.75454334,1.068309877,31.77228317,-0.374575498,-0.443190037,6.802,24.86273809,5.03,1.347663784,3.125080109,43
Romania,2015,39.35,3.157036054,34.16299334,-0.594156437,32.81623847,-0.470052228,-0.494176791,6.812,25.63498435,4.94,1.450718244,3.106950045,46
Romania,2016,39.55,2.859932523,31.81297043,-1.544796668,29.31640487,-0.573660845,-0.549538436,5.901,26.34207278,5.08,1.427704541,3.025599957,48
Romania,2017,37.11,8.195478266,31.01863626,1.339021211,28.1625001,-0.578007015,-0.511242828,4.927,27.03171589,5.19,1.733755102,3.118200064,48
Romania,2018,36.19,6.120930007,31.72929557,4.625484431,28.98996967,-0.587493307,-0.47260827,4.187,27.73487796,5.52,1.791444235,3.319180012,47
Romania,2019,36.63,3.92326385,33.31049557,3.827854326,28.75392517,-0.526814822,-0.367674303,3.912,28.46789072,5.71,1.835598714,3.566950083,44
Romania,2020,49.39,-3.674384409,38.18273902,2.631073112,28.61844157,-0.550759893,-0.347574151,5.035,29.30837396,6.23,2.009504298,3.589260101,44
Singapore,2012,106.72,4.435497594,,4.575602704,,2.45339033,2.45339033,3.72,9.871147568,3.32783675,3.10816619,3.070859909,87
Singapore,2013,98.18,4.817630991,,2.358604154,,1.619308099,1.619308099,3.86,10.37129484,3.68562651,3.038491149,2.85435009,86
Singapore,2014,97.75,3.935540277,,1.02514803,,1.298440178,1.298440178,3.74,10.9183949,3.87155652,3.047860385,2.924366713,84
Singapore,2015,102.24,2.976799316,,-0.522618167,,1.186376937,1.186376937,3.79,11.4891426,4.18069839,3.046712659,2.863093376,85
Singapore,2016,106.47,3.588643696,,-0.53226874,,1.297436099,1.297436099,4.08,12.10795692,4.38810682,3.095542713,2.8713305,84
Singapore,2017,107.77,4.512926318,,0.57626031,,0.08859547,0.08859547,4.2,12.83838728,4.36493397,2.971874808,2.756848097,84
Singapore,2018,109.37,3.517114185,,0.438620118,,0.469704299,0.469704299,,13.58214912,4.07545424,2.807933274,2.856600046,85
Singapore,2019,127.8,1.345058741,,0.565260569,,1.144283307,1.144283307,3.1,14.28822838,4.39938164,2.760175736,2.729510069,85
Singapore,2020,149.03,-3.869798934,,-0.181916667,,-0.311904961,-0.311904961,4.1,15.19526798,5.71281767,2.81188318,2.686990023,85
Slovakia,2012,51.73,1.569171156,41.10893262,3.606102635,36.7570863,0.170183855,-0.087416478,13.966,18.00414651,7.54,1.078082838,3.859009981,46
Slovakia,2013,54.69,0.703323635,42.47430624,1.40047369,39.59644422,0.107458009,-0.150800099,14.227,18.61320396,7.5,0.97861816,4.068950176,47
Slovakia,2014,53.49,2.707950624,43.25685682,-0.07616533,40.15278713,0.097045422,-0.161895078,11.537,19.295016,6.88,0.984879429,4.215899944,50
Slovakia,2015,51.68,5.17687951,45.56343064,-0.325219777,42.89838143,0.095033879,-0.110721648,11.492,20.0641245,6.76,1.109501869,4.578430176,51
Slovakia,2016,52.28,1.947819026,42.54576375,-0.520010196,39.97135305,0.12892233,-0.02521845,9.679,20.96690529,7.09,1.116098937,3.900789976,51
Slovakia,2017,51.46,2.874732255,39.4949557,1.311945882,38.51526755,0.155178996,0.052927459,8.142,21.94790635,6.76,1.104288837,3.932209969,50
Slovakia,2018,49.41,4.06212037,39.66956218,2.514037129,38.6587104,0.13850816,0.091966227,6.544,22.93015744,6.67,1.221700974,3.952909946,50
Slovakia,2019,47.98,2.275899182,40.5209378,2.664561334,39.3135846,0.135328073,0.140930441,5.761,23.9293582,6.92,1.704971445,4.273119926,50
Slovakia,2020,58.85,-2.585512529,44.73523696,1.936941267,39.38561535,0.085769476,0.143424102,6.719,24.87948664,7.13,1.922004789,4.764279842,49
Slovenia,2012,53.56,-2.915538603,50.00695728,2.59741386,45.80977136,0.210024306,0.634585791,8.841,24.40893801,8.72,1.166791234,5.620230198,61
Slovenia,2013,70.01,-0.823777238,57.7251653,1.769200859,46.4980453,0.135726229,0.556609215,10.103,25.11264544,8.74,1.046948256,5.405729771,57
Slovenia,2014,80.3,2.762831643,50.55579554,0.199343827,46.02947608,0.098351922,0.519395852,9.668,25.90029872,8.5,0.973739588,5.291699886,58
Slovenia,2015,82.59,2.393308724,49.49459525,-0.525552286,46.65726258,0.075190689,0.492566224,8.962,26.82991948,8.5,0.930119532,4.909530163,60
Slovenia,2016,78.52,3.034413954,46.90926994,-0.054999542,44.91017964,0.073197207,0.51660008,8,27.80815182,8.46,1.004287078,4.792669773,61
Slovenia,2017,74.15,5.17440454,44.6106204,1.429107433,44.66434411,0.065159039,0.532404309,6.565,28.79572282,8.18,0.981780638,4.780539989,61
Slovenia,2018,70.29,4.379081716,44.05860667,1.73860862,44.95495178,0.362584395,0.855189456,5.108,29.73414193,8.28,0.97785679,4.934559822,60
Slovenia,2019,65.36,3.505251668,43.78245927,1.630522608,44.46315658,0.696304046,1.210111177,4.446,30.5218125,8.5,1.05433161,4.891530037,60
Slovenia,2020,79.55,-4.084998153,51.79733283,-0.054856816,44.12061097,0.669754656,1.208242315,4.971,31.08012995,9.43,1.0585627,5.383739948,60
South Africa,2012,37.41,2.396232385,28.61868326,5.724657917,24.57920897,1.474794344,2.30960217,24.727,7.973278481,8.00428867,1.033522741,5.523230076,43
South Africa,2013,40.36,2.485468008,28.91008359,5.784469097,25.00588786,1.652651995,2.4727083,24.561,8.008967031,8.10322285,1.027794024,5.350719929,42
South Africa,2014,43.25,1.413826452,29.32105965,6.129837703,25.39472525,1.661445407,2.471722472,24.89,8.057455012,7.87136555,1.021893996,5.489779949,44
South Africa,2015,45.2,1.321862237,30.16409018,4.540642277,25.79009721,2.009888402,2.809027158,25.149,8.096291255,8.05304241,1.006928622,5.482850075,44
South Africa,2016,47.13,0.664552308,29.90856691,6.571396422,26.1835742,0.940521898,1.728730316,26.537,8.268265924,8.07959366,0.971046765,5.444240093,45
South Africa,2017,48.59,1.157946952,29.8599594,5.184246648,25.84412531,0.653837463,1.429809339,27.035,8.513379062,7.97711229,0.943568495,5.598670006,43
South Africa,2018,51.54,1.556783847,30.1522855,4.517165228,26.42002542,1.68236992,2.446339636,26.906,8.704046123,8.08820343,0.894757065,5.644010067,43
South Africa,2019,56.1,0.259935577,31.39381142,4.12024587,26.32170828,1.649574955,2.401767164,28.468,8.923439044,8.24418926,0.882430272,5.911580086,44
South Africa,2020,68.86,-6.168917715,34.61574375,3.210035975,24.99435925,1.622164314,2.364289028,29.217,9.133450174,8.57258797,0.955615163,6.170670033,44
South Korea,2012,35.04,2.402530992,18.82261415,2.187071044,20.4531998,0.525713661,0.437788266,2.812,16.00824318,6.0325017,2.499299881,4.6,56
South Korea,2013,37.69,3.164708636,19.01628078,1.301347545,19.80574537,0.455218622,0.367213427,2.747,16.5167482,6.15069818,2.503009023,4.64,55
South Korea,2014,39.71,3.202453795,18.84649769,1.274774464,19.41946608,0.628149861,0.540070703,3.082,17.0936824,6.40432453,2.529935781,4.73,55
South Korea,2015,40.78,2.809103268,18.79977665,0.706331772,19.29662403,0.527288497,0.437904533,3.546,17.67798041,6.58926058,2.494981365,4.45424,54
South Korea,2016,41.22,2.946881715,18.5068792,0.97168574,20.06997717,0.396851823,0.308612806,3.65,18.23530007,6.87049913,2.459577881,4.333099842,53
South Korea,2017,40.05,3.15963574,18.63745641,1.944332308,20.71409254,0.280968018,0.20860462,3.653,18.9764143,7.04742336,2.421489001,4.328239918,54
South Korea,2018,40.02,2.907403774,19.27812141,1.47583935,21.70221786,0.433519028,0.379518534,3.824,19.84580405,7.49119806,2.496843576,4.458079815,57
South Korea,2019,42.12,2.24397786,21.26797081,0.383000304,21.61860395,0.347874969,0.312269898,3.746,20.76974704,8.17479515,2.671299217,4.684659958,59
South Korea,2020,48.7,-0.709415359,23.65994182,0.537288023,21.55458826,0.137869266,0.118218403,3.931,21.95596667,8.3497715,2.803321622,4.801720142,61
Spain,2012,89.98,-2.865113673,49.23839052,2.446127824,37.74185203,0.064925963,0.35558183,24.789,25.86783927,9.15415382,1.4236304,4.481130123,65
Spain,2013,100.49,-1.427322192,46.16234356,1.408581092,38.67071872,-0.32766904,-0.035329486,26.094,26.61241381,9.06397724,1.272360404,4.349619865,59
Spain,2014,105.06,1.520485923,45.05639834,-0.151114838,38.98324172,-0.298951059,-0.004941594,24.441,27.37261762,9.08488464,1.253912424,4.301509857,60
Spain,2015,103.3,4.060866697,43.68280361,-0.50036571,38.4179367,-0.077588862,0.219325483,22.057,27.89850923,9.12207508,1.27023204,4.284570217,58
Spain,2016,102.75,2.915156028,42.13908334,-0.202598,37.8742207,0.08443015,0.382971719,19.635,28.30056059,8.94727325,1.137135909,4.225440025,58
Spain,2017,101.8,2.896042081,41.0474486,1.956076334,37.95110186,0.234587923,0.534737453,17.224,28.69586819,8.94491291,1.23002911,4.205520153,57
Spain,2018,100.42,2.395411204,41.52222761,1.674981369,38.94657652,0.437982994,0.738481167,15.255,29.03639421,8.99686718,1.254333772,4.179490089,58
Spain,2019,98.22,1.961178532,42.00748179,0.699518994,38.96722528,0.717715637,1.021035078,14.105,29.29123531,9.1456852,1.232704918,4.230219841,62
Spain,2020,120.27,-10.94007066,51.43143815,-0.322753017,41.40685468,0.488502132,0.792144592,15.532,29.52801436,10.74565983,1.366645517,4.895400047,62
Sweden,2012,37.5,-0.414465721,50.16184671,0.888377507,49.01468971,0.739763272,1.117727362,7.976,29.54390168,10.74,1.130110289,7.536970139,88
Sweden,2013,40.16,1.137716498,50.85863473,-0.04429297,49.36091883,0.847348652,1.215745795,8.052,30.23055969,10.9,1.112520539,7.611209869,89
Sweden,2014,44.87,2.295763809,50.05597067,-0.179638494,48.49111294,0.992219729,1.353460114,7.954,30.83058072,10.95,1.126447318,7.573729992,87
Sweden,2015,43.74,4.410140676,48.73566342,-0.046784745,48.71912178,1.057454686,1.411616216,7.432,31.28794857,10.8,1.066502053,7.443900108,89
Sweden,2016,42.26,2.349740804,48.91172118,0.984269245,49.8929074,1.256453985,1.601319652,6.99,31.53674983,10.85,1.053016389,7.618619919,88
Sweden,2017,40.73,1.825156015,48.70687972,1.794499047,50.10376602,1.34744506,1.685372102,6.718,31.67180613,10.79,1.023179205,7.568830013,84
Sweden,2018,39.19,1.902964588,49.17613569,1.953535301,49.93447814,1.16164516,1.488150675,6.365,31.84280771,10.94,1.032246092,7.640840054,85
Sweden,2019,35.48,2.549647853,48.28641151,1.784150974,48.82584346,1.013722263,1.330044339,6.833,32.03759575,10.83,1.093409226,7.638510227,85
Sweden,2020,39.83,-2.005337504,51.23583493,0.497367319,48.42198074,0.722703913,1.028940022,8.291,32.24864746,11.33,1.146086424,7.925610065,85
Switzerland,2012,42.58,1.179253833,31.65014102,-0.692552018,31.88533059,1.061819329,1.091689113,4.491,25.5482655,10.14446354,0.66900171,4.898620129,86
Switzerland,2013,41.96,1.792144057,32.52987515,-0.217323155,32.09764001,1.149879758,1.178392145,4.747,25.92978622,10.37922478,0.712636242,4.913929939,85
Switzerland,2014,42.06,2.349881275,32.17352957,-0.013202539,31.92647326,1.220103973,1.249960832,4.826,26.27949762,10.42800808,0.634898338,4.930570126,86
Switzerland,2015,42.16,1.644627687,32.47618211,-1.143908672,33.02191279,1.138337152,1.168186391,4.801,26.60037579,10.77887917,0.651341083,4.99559021,86
Switzerland,2016,40.94,2.068689667,32.439739,-0.434618664,32.67801211,1.092031174,1.120513599,4.918,26.88906644,10.9900341,0.664750475,4.981639862,86
Switzerland,2017,41.76,1.362799557,32.43922623,0.53378784,33.56914348,0.933155889,0.962986439,4.797,27.21728587,11.0451622,0.665684557,5.017650127,85
Switzerland,2018,39.79,2.860445795,31.73900412,0.936335464,33.02888494,0.736633975,0.785417652,4.713,27.59860694,10.77226162,0.65287657,4.930089951,85
Switzerland,2019,39.64,1.141982325,31.96518802,0.36288618,33.30622812,0.713313668,0.783765812,4.394,27.99080178,11.06363678,0.696324325,5.014389992,85
Switzerland,2020,43.21,-2.141737207,36.99565815,-0.725874933,33.98154948,0.730676195,0.81999821,4.817,28.32705219,11.73206806,0.772558973,5.276760101,85
Turkey,2012,32.39,4.788492711,34.13411434,8.891569965,32.34757803,1.27471802,2.072623986,9.21,10.86716774,4.44,2.009447799,4.387219906,49
Turkey,2013,31.06,8.485816997,33.70165526,7.493090305,32.4901182,1.284414747,2.055325341,9.713,10.95313521,4.37,1.923959333,4.344810009,50
Turkey,2014,28.43,4.939715161,32.6196787,8.854572714,31.65279158,1.3490889,2.099050847,9.901,11.03415889,4.33,1.871966551,4.412580013,45
Turkey,2015,27.33,6.084486904,32.46893921,7.670853648,31.95654124,1.33411577,2.062196295,10.304,11.11874126,4.12,1.812848293,4.305500031,42
Turkey,2016,27.92,3.323084208,33.80021368,7.775134153,32.12142325,1.345425935,2.053404144,10.899,11.29735081,4.28,2.050324605,4.627739906,41
Turkey,2017,27.94,7.501997489,32.61051346,11.14431108,30.73277913,1.296755712,1.982343734,10.919,11.56143561,4.18,2.050065818,4.323689938,40
Turkey,2018,30.05,3.013170393,34.29376659,16.3324639,31.1595083,1.353602986,2.019884901,10.956,11.8938987,4.12,2.523695409,4.297299862,41
Turkey,2019,32.57,0.818514527,35.51471838,15.17682157,30.73272988,1.429696881,2.075703123,13.73,12.43897794,4.37,2.689859089,4.447760105,39
Turkey,2020,39.65,1.85987304,34.67381051,12.27895745,29.95265418,0.970386031,1.596480824,13.148,13.13074384,4.62,2.431400362,4.033820152,40
UK,2012,83.09,1.508998374,43.5572426,2.573234797,36.06171388,0.695353132,1.02214552,8.279,26.00822035,9.95296001,2.417817484,5.578874111,74
UK,2013,84.06,1.799921494,41.84485907,2.291666667,36.46313128,0.669740536,0.993032273,7.752,26.71180153,9.87251186,2.292320474,5.525300026,76
UK,2014,86.07,3.194637313,41.18734141,1.451120163,35.61132963,0.736463979,1.05628515,6.398,27.22787579,9.86246872,2.184485492,5.601349831,78
UK,2015,86.66,2.222888449,40.42686194,0.368046842,35.80524626,0.792367506,1.108747983,5.552,27.61482604,9.79776669,2.048908004,5.55452013,81
UK,2016,86.57,1.921710078,39.63422196,1.008417368,36.29572539,0.757874493,1.072051621,4.909,27.93576586,9.72899723,1.984490968,5.427959919,81
UK,2017,85.64,2.656504893,39.15692909,2.557755776,36.65241764,0.679374474,0.988958892,4.501,28.28127103,9.5958786,1.95002886,5.452569962,82
UK,2018,85.15,1.405190266,38.87234331,2.292839903,36.59896557,0.605929132,0.912161082,4.145,28.66233827,9.73079777,1.944555695,5.204370022,80
UK,2019,84.48,1.624475159,38.7343599,1.738104601,36.25293822,0.564131113,0.868230887,3.657,29.05855173,9.95761967,1.985253731,5.261159897,77
UK,2020,104.59,-10.29691887,49.9564057,0.989486704,36.8117021,0.365758264,0.665362493,4.518,29.33378105,12.15863419,2.162215913,5.439350128,77
USA,2012,103.04,2.289113388,37.22273047,2.069337265,29.10896121,0.733599941,0.949565508,8.069,19.93028135,16.11969566,4.46170997,6.253886223,73
USA,2013,104.54,2.117830099,35.78231913,1.464832656,31.22160696,0.692860277,0.914510414,7.375,20.48329548,15.99170876,4.023705604,6.22925806,73
USA,2014,104.54,2.523819814,35.3239371,1.622222977,31.29793206,0.73336152,0.959430782,6.168,21.00769848,16.19919777,3.678918174,6.129205704,74
USA,2015,105.13,2.945550455,35.03094835,0.118627136,31.50143755,0.736217309,0.966674782,5.28,21.51975601,16.49056816,3.464492926,4.930630207,76
USA,2016,107.16,1.819451475,35.33306745,1.261583206,30.97670288,0.724676067,0.958268061,4.869,22.03733472,16.80215836,3.402602462,4.783279896,74
USA,2017,106.21,2.457622303,35.19407407,2.130110004,30.39988069,0.632643995,0.87178526,4.355,22.5932964,16.76750183,3.297723571,5.092969894,75
USA,2018,107.44,2.966505069,35.34934361,2.442583297,30.01447727,0.526435396,0.76743743,3.896,23.19631741,16.62964439,3.304000619,4.895020008,71
USA,2019,108.75,2.58382533,35.81077508,1.812210075,30.0106755,0.455381286,0.701867775,3.669,23.84845026,16.66580582,3.412158459,4.95746994,69
USA,2020,133.5,-2.163029139,44.56805418,1.233584396,30.64625687,0.968999516,1.217299413,8.055,24.52407934,18.75621986,3.650513734,5.399980068,67
